{"name":"df7220e0-456d-4226-8731-e5617d06648b","id":"/providers/Microsoft.Flow/flows/df7220e0-456d-4226-8731-e5617d06648b","type":"Microsoft.Flow/flows","properties":{"apiId":"/providers/Microsoft.PowerApps/apis/shared_logicflows","displayName":"Keep Environment Active","definition":{"metadata":{"defaultDataverseMetadataHeader":null,"workflowEntityId":null,"processAdvisorMetadata":null,"flowChargedByPaygo":null,"flowclientsuspensionreason":"None","flowclientsuspensiontime":null,"flowclientsuspensionreasondetails":null,"creator":{"id":"eb8e1555-aad7-4c5c-affe-1b8f08a251fe","type":"User","tenantId":"75c1f29a-3624-4e40-a996-820dc3195c40"},"provisioningMethod":"FromDefinition","failureAlertSubscription":true,"clientLastModifiedTime":"2025-11-02T04:40:48.6095014Z","connectionKeySavedTimeKey":"2025-11-02T04:40:48.6095014Z","creationSource":"Portal","modifiedSources":"Portal","clientCreatedTime":"2025-06-16T02:55:14.3579616Z","migrationSourceId":"/subscriptions/ab017ff5-250d-4b37-9292-b471d5a06f73/resourceGroups/75c1f29a36244e40a996820dc3195c40-default75c1f29a36244e40a996820dc3195c40-env/providers/Microsoft.Logic/workflows/df7220e0-456d-4226-8731-e5617d06648b-azshadow"},"$schema":"https://schema.management.azure.com/providers/Microsoft.Logic/schemas/2016-06-01/workflowdefinition.json#","contentVersion":"undefined","parameters":{"$authentication":{"defaultValue":{},"type":"SecureObject"},"$connections":{"defaultValue":{},"type":"Object"}},"triggers":{"Recurrence":{"recurrence":{"frequency":"Day","interval":"1","startTime":"2025-06-16T01:00:00.000Z"},"evaluatedRecurrence":{"frequency":"Day","interval":"1","startTime":"2025-06-16T01:00:00.000Z"},"type":"Recurrence"}},"actions":{"List_rows_from_selected_environment":{"runAfter":{},"type":"OpenApiConnection","inputs":{"parameters":{"organization":"https://universalcollab.crm.dynamics.com","entityName":"mspp_entitylists"},"host":{"apiId":"/providers/Microsoft.PowerApps/apis/shared_commondataserviceforapps","connectionName":"shared_commondataserviceforapps","operationId":"ListRecordsWithOrganization"},"authentication":"@parameters('$authentication')"}}},"description":""},"connectionReferences":{"shared_commondataserviceforapps":{"connectionName":"shared-commondataser-0fd7da81-fe94-4346-9c4d-5d8032ba570a","source":"Embedded","id":"/providers/Microsoft.PowerApps/apis/shared_commondataserviceforapps","tier":"NotSpecified","apiName":"commondataserviceforapps","isProcessSimpleApiReferenceConversionAlreadyDone":false}},"flowFailureAlertSubscribed":false,"isManaged":false}}