{"name":"54398f96-fcd1-4eb3-83d9-f21342221c47","id":"/providers/Microsoft.Flow/flows/54398f96-fcd1-4eb3-83d9-f21342221c47","type":"Microsoft.Flow/flows","properties":{"apiId":"/providers/Microsoft.PowerApps/apis/shared_logicflows","displayName":"UC Day 04 – Teams to Planner Automation","definition":{"metadata":{"workflowEntityId":null,"processAdvisorMetadata":null,"flowChargedByPaygo":null,"flowclientsuspensionreason":"None","flowclientsuspensiontime":null,"flowclientsuspensionreasondetails":null,"creator":{"id":"eb8e1555-aad7-4c5c-affe-1b8f08a251fe","type":"User","tenantId":"75c1f29a-3624-4e40-a996-820dc3195c40"},"provisioningMethod":"FromDefinition","failureAlertSubscription":true,"clientLastModifiedTime":"2025-11-21T13:55:43.7169494Z","connectionKeySavedTimeKey":"2025-11-21T13:55:43.7169494Z","creationSource":"Portal","modifiedSources":"Portal"},"$schema":"https://schema.management.azure.com/providers/Microsoft.Logic/schemas/2016-06-01/workflowdefinition.json#","contentVersion":"1.0.0.0","parameters":{"$authentication":{"defaultValue":{},"type":"SecureObject"},"$connections":{"defaultValue":{},"type":"Object"}},"triggers":{"When_a_new_channel_message_is_added":{"recurrence":{"frequency":"Minute","interval":1},"evaluatedRecurrence":{"frequency":"Minute","interval":1},"splitOn":"@triggerOutputs()?['body']","type":"OpenApiConnection","inputs":{"parameters":{"groupId":"0b329d81-2325-448a-bae6-c08fb444083a","channelId":"19:TNieNt4jFik8JKWf8vSB5zaddlkq0KXGUg7TQ9TsZYM1@thread.tacv2"},"host":{"apiId":"/providers/Microsoft.PowerApps/apis/shared_teams","connectionName":"shared_teams","operationId":"OnNewChannelMessage"},"authentication":"@parameters('$authentication')"}}},"actions":{"Create_a_task":{"runAfter":{},"type":"OpenApiConnection","inputs":{"parameters":{"body/groupId":"0b329d81-2325-448a-bae6-c08fb444083a","body/planId":"1743fuhWmkeKt_556iUj_mUAEG9c","body/title":"Message Text from Teams trigger"},"host":{"apiId":"/providers/Microsoft.PowerApps/apis/shared_planner","connectionName":"shared_planner","operationId":"CreateTask_V3"},"authentication":"@parameters('$authentication')"}}},"outputs":{}},"connectionReferences":{"shared_teams":{"connectionName":"shared-teams-1abe74b0-ee1e-48ff-8685-4a97308d3318","source":"Embedded","id":"/providers/Microsoft.PowerApps/apis/shared_teams","tier":"NotSpecified","apiName":"teams","isProcessSimpleApiReferenceConversionAlreadyDone":false},"shared_planner":{"connectionName":"shared-planner-ad1eacc4-44cc-444d-a66d-556ac6d1dd31","source":"Embedded","id":"/providers/Microsoft.PowerApps/apis/shared_planner","tier":"NotSpecified","apiName":"planner","isProcessSimpleApiReferenceConversionAlreadyDone":false}},"flowFailureAlertSubscribed":false,"isManaged":false}}